{
    "Left_ankle to Left_foot":{
        "end_point":[
            -0.02648022025823593,
            0.2687797248363495,
            -0.47138428688049316
        ],
        "start_point":[
            -0.06856612861156464,
            0.044983796775341034,
            -0.23564910888671875
        ]
    },
    "Left_elbow to Left_wrist":{
        "end_point":[
            -0.24341249465942383,
            0.08408518135547638,
            0.6101016402244568
        ],
        "start_point":[
            -0.17461159825325012,
            0.24178211390972137,
            0.7496492266654968
        ]
    },
    "Left_hip to Left_knee":{
        "end_point":[
            -0.0797959715127945,
            0.25448012351989746,
            -0.05702710151672363
        ],
        "start_point":[
            -0.05106718838214874,
            0.3178713023662567,
            0.2724316716194153
        ]
    },
    "Left_knee to Left_ankle":{
        "end_point":[
            -0.06856612861156464,
            0.044983796775341034,
            -0.23564910888671875
        ],
        "start_point":[
            -0.0797959715127945,
            0.25448012351989746,
            -0.05702710151672363
        ]
    },
    "Left_shoulder to Left_elbow":{
        "end_point":[
            -0.17461159825325012,
            0.24178211390972137,
            0.7496492266654968
        ],
        "start_point":[
            -0.10565832257270813,
            0.2616109848022461,
            0.8273516446352005
        ]
    },
    "Left_shoulder to Left_hip":{
        "end_point":[
            -0.05106718838214874,
            0.3178713023662567,
            0.2724316716194153
        ],
        "start_point":[
            -0.10565832257270813,
            0.2616109848022461,
            0.8273516446352005
        ]
    },
    "Neck to Left_shoulder":{
        "end_point":[
            -0.10565832257270813,
            0.2616109848022461,
            0.8273516446352005
        ],
        "start_point":[
            0.02335027977824211,
            0.26735493540763855,
            0.8670785874128342
        ]
    },
    "Neck to Right_shoulder":{
        "end_point":[
            0.16956253349781036,
            0.20890922844409943,
            0.7915533781051636
        ],
        "start_point":[
            0.02335027977824211,
            0.26735493540763855,
            0.8670785874128342
        ]
    },
    "Right_ankle to Right_foot":{
        "end_point":[
            0.14224062860012054,
            0.34822556376457214,
            -0.46272504329681396
        ],
        "start_point":[
            0.13370105624198914,
            0.37048715353012085,
            -0.35547661781311035
        ]
    },
    "Right_elbow to Right_wrist":{
        "end_point":[
            0.19697517156600952,
            0.22666887938976288,
            0.5616783499717712
        ],
        "start_point":[
            0.2802366614341736,
            0.300584614276886,
            0.691777229309082
        ]
    },
    "Right_hip to Left_hip":{
        "end_point":[
            -0.05106718838214874,
            0.3178713023662567,
            0.2724316716194153
        ],
        "start_point":[
            0.1008852943778038,
            0.3046666979789734,
            0.26561158895492554
        ]
    },
    "Right_hip to Right_knee":{
        "end_point":[
            0.14068733155727386,
            0.24391143023967743,
            -0.11584901809692383
        ],
        "start_point":[
            0.1008852943778038,
            0.3046666979789734,
            0.26561158895492554
        ]
    },
    "Right_knee to Right_ankle":{
        "end_point":[
            0.13370105624198914,
            0.37048715353012085,
            -0.35547661781311035
        ],
        "start_point":[
            0.14068733155727386,
            0.24391143023967743,
            -0.11584901809692383
        ]
    },
    "Right_shoulder to Right_elbow":{
        "end_point":[
            0.2802366614341736,
            0.300584614276886,
            0.691777229309082
        ],
        "start_point":[
            0.16956253349781036,
            0.20890922844409943,
            0.7915533781051636
        ]
    },
    "Right_shoulder to Right_hip":{
        "end_point":[
            0.1008852943778038,
            0.3046666979789734,
            0.26561158895492554
        ],
        "start_point":[
            0.16956253349781036,
            0.20890922844409943,
            0.7915533781051636
        ]
    }
}