{
    "Left_elbow to Left_wrist":{
        "end_point":[
            0.0632271622955273,
            0.41878521123683393,
            -0.07638397403534115
        ],
        "start_point":[
            -0.038120354300760155,
            0.3443871598630106,
            0.14093988283426773
        ]
    },
    "Left_hip to Left_knee":{
        "end_point":[
            0.04473440271193716,
            0.2726613613541441,
            -0.2728371376405436
        ],
        "start_point":[
            -0.09880623145577394,
            0.10795266095128761,
            0.0050206102910949745
        ]
    },
    "Left_knee to Left_ankle":{
        "end_point":[
            -0.08636368047958569,
            0.11816834080638575,
            -0.5902048498721226
        ],
        "start_point":[
            0.04473440271193716,
            0.2726613613541441,
            -0.2728371376405436
        ]
    },
    "Left_shoulder to Left_elbow":{
        "end_point":[
            -0.038120354300760155,
            0.3443871598630106,
            0.14093988283426773
        ],
        "start_point":[
            0.0220773372301669,
            0.2720517353714084,
            0.4138817803880459
        ]
    },
    "Left_shoulder to Left_hip":{
        "end_point":[
            -0.09880623145577394,
            0.10795266095128761,
            0.0050206102910949745
        ],
        "start_point":[
            0.0220773372301669,
            0.2720517353714084,
            0.4138817803880459
        ]
    },
    "Neck to Left_shoulder":{
        "end_point":[
            0.0220773372301669,
            0.2720517353714084,
            0.4138817803880459
        ],
        "start_point":[
            0.16447753733098355,
            0.15410274661190257,
            0.4597168913276913
        ]
    },
    "Neck to Right_shoulder":{
        "end_point":[
            0.26077104638659737,
            -0.01157746356039237,
            0.43544624390944414
        ],
        "start_point":[
            0.16447753733098355,
            0.15410274661190257,
            0.4597168913276913
        ]
    },
    "Right_elbow to Right_wrist":{
        "end_point":[
            0.2233985609442338,
            -0.24238050008257023,
            -0.024823468292356744
        ],
        "start_point":[
            0.224068574159665,
            -0.21170108658240186,
            0.2181938926095985
        ]
    },
    "Right_hip to Left_hip":{
        "end_point":[
            -0.09880623145577394,
            0.10795266095128761,
            0.0050206102910949745
        ],
        "start_point":[
            0.09883201776431672,
            -0.10796815159547116,
            -0.004968102273723726
        ]
    },
    "Right_hip to Right_knee":{
        "end_point":[
            0.23329713153724552,
            0.11180096906206484,
            -0.1961350748616796
        ],
        "start_point":[
            0.09883201776431672,
            -0.10796815159547116,
            -0.004968102273723726
        ]
    },
    "Right_knee to Right_ankle":{
        "end_point":[
            0.14332375700897304,
            0.06105319095677144,
            -0.6166228905610303
        ],
        "start_point":[
            0.23329713153724552,
            0.11180096906206484,
            -0.1961350748616796
        ]
    },
    "Right_shoulder to Right_elbow":{
        "end_point":[
            0.224068574159665,
            -0.21170108658240186,
            0.2181938926095985
        ],
        "start_point":[
            0.26077104638659737,
            -0.01157746356039237,
            0.43544624390944414
        ]
    },
    "Right_shoulder to Right_hip":{
        "end_point":[
            0.09883201776431672,
            -0.10796815159547116,
            -0.004968102273723726
        ],
        "start_point":[
            0.26077104638659737,
            -0.01157746356039237,
            0.43544624390944414
        ]
    }
}